time,temp,moisture
2022-10-06 23:04:33.707628,23.63620117194,1015
2022-10-06 23:04:51.685875,23.63620117194,969
2022-10-07 02:22:10.566272,22.33752640614,967
2022-10-07 02:32:19.510673,23.20111231902,647
2022-10-07 04:44:50.565095,22.66053951996,976
2022-10-07 04:57:03.133174,22.878083946420002,992
2022-10-07 04:58:02.844374,22.77261525906,990
2022-10-07 05:00:03.599349,22.77261525906,1012
2022-10-07 05:30:03.380464,22.33752640614,1009
2022-10-07 06:00:03.215520,21.796968865860002,1004
2022-10-07 06:30:03.499869,22.232057718780002,432
2022-10-07 07:00:03.222143,21.69148491972,1002
2022-10-07 07:30:03.068553,21.3684718059,1015
2022-10-07 08:00:02.813968,21.69148491972,1015
2022-10-07 08:30:02.654968,21.04545869208,458
2022-10-07 09:00:03.402145,21.150927379440002,989
2022-10-07 09:30:03.289797,20.93338295298,998
2022-10-07 10:00:03.026562,20.61036983916,993
2022-10-07 10:30:03.003827,20.72243031948,1002
2022-10-07 11:00:02.703854,20.069812298880002,997
2022-10-07 11:30:03.560782,20.392825412700002,1005
2022-10-07 12:00:03.306380,20.28734146656,992
2022-10-07 12:30:03.186920,19.74678392628,1015
2022-10-07 13:00:02.927898,19.858859665380002,997
2022-10-07 13:30:02.786020,20.069812298880002,964
2022-10-07 14:00:03.532013,19.74678392628,1001
2022-10-07 14:30:03.391541,19.42377081246,992
2022-10-07 15:00:03.126826,19.858859665380002,808
2022-10-07 15:30:03.094591,20.069812298880002,662
2022-10-07 16:00:02.965748,20.392825412700002,1015
2022-10-07 16:30:02.794159,20.61036983916,991
2022-10-07 17:00:03.548228,21.150927379440002,814
2022-10-07 17:30:03.552260,21.473940493260002,966
2022-10-07 18:00:03.288153,22.66053951996,956
2022-10-07 18:30:03.158955,25.25128199982,1015
2022-10-07 19:00:02.895952,26.325820546200003,984
2022-10-07 19:30:02.756327,25.25128199982,997
2022-10-07 20:00:03.489052,24.81620840568,980
2022-10-07 20:30:03.392446,25.14581331246,978
2022-10-07 21:00:03.124151,28.38259727874,1008
2022-10-07 21:30:02.952850,23.9526224928,735
2022-10-07 22:00:02.670046,23.63620117194,1015
2022-10-07 22:30:03.580656,23.30658100638,980
2022-10-07 23:00:03.337027,22.98356789256,973
2022-10-07 23:30:03.206005,22.98356789256,529
2022-10-07 23:45:02.956113,22.77261525906,699
2022-10-08 00:00:02.689568,22.878083946420002,387
2022-10-08 00:30:03.583101,21.796968865860002,1013
2022-10-08 01:00:03.323302,22.44301035228,437
2022-10-08 01:30:03.189124,21.69148491972,940
2022-10-08 02:00:02.941987,21.3684718059,1013
2022-10-08 02:30:02.798623,21.473940493260002,389
2022-10-08 03:00:03.571415,21.5794244394,966
2022-10-08 03:30:03.473599,21.5794244394,572
2022-10-08 04:00:03.309117,21.796968865860002,981
2022-10-08 04:30:03.217027,21.473940493260002,978
2022-10-08 05:00:02.940273,21.3684718059,544
2022-10-08 05:30:02.783457,21.150927379440002,981
2022-10-08 06:00:03.542109,21.263003118540002,995
2022-10-08 06:30:03.051146,20.61036983916,977
2022-10-08 07:00:02.801173,20.61036983916,1003
2022-10-08 07:30:02.666972,20.17528098624,996
2022-10-08 08:00:03.424785,19.52923949982,391
2022-10-08 08:30:03.280009,19.74678392628,993
2022-10-08 09:00:03.127113,19.52923949982,868
2022-10-08 09:30:03.001160,20.069812298880002,448
2022-10-08 10:00:02.733432,19.52923949982,1016
2022-10-08 10:30:02.656881,19.74678392628,968
2022-10-08 11:00:03.414396,19.31828686632,1015
2022-10-08 11:30:03.281646,19.31828686632,973
2022-10-08 12:00:03.022624,20.069812298880002,985
2022-10-08 12:30:03.022476,19.52923949982,953
2022-10-08 13:00:02.757489,19.21281817896,1015
2022-10-08 13:30:02.629617,19.42377081246,973
2022-10-08 14:00:03.369060,19.21281817896,907
2022-10-08 14:30:03.213326,19.10074243986,988
2022-10-08 15:00:02.956498,19.858859665380002,794
2022-10-08 15:30:02.806103,19.52923949982,1013
2022-10-08 16:00:03.565035,19.52923949982,924
2022-10-08 16:30:03.449004,20.72243031948,975
2022-10-08 17:00:03.230744,20.61036983916,927
2022-10-08 17:30:03.086399,21.04545869208,983
2022-10-08 18:00:02.841974,21.5794244394,928
2022-10-08 18:30:02.694033,22.66053951996,954
2022-10-08 19:00:03.437428,24.49977182604,989
2022-10-08 19:30:03.280239,25.35676594596,629
2022-10-08 20:00:03.136614,25.89732348624,1015
2022-10-08 20:30:02.997948,25.46882642628,1015
2022-10-08 21:00:02.727256,23.30658100638,520
2022-10-08 21:30:03.601520,23.524125432840002,968
2022-10-08 22:00:03.357116,25.03373757336,1015
2022-10-08 22:30:03.214019,22.77261525906,662
2022-10-08 23:00:02.965645,22.33752640614,548
2022-10-08 23:30:02.834179,22.66053951996,968
2022-10-09 00:00:03.589090,22.232057718780002,990
2022-10-09 00:30:03.476265,22.232057718780002,1009
2022-10-09 01:00:03.337529,22.01451329232,980
2022-10-09 01:30:03.238022,22.01451329232,1015
2022-10-09 02:00:03.005929,22.555070832600002,903
2022-10-09 02:30:02.860236,22.33752640614,962
2022-10-09 03:00:02.660940,22.33752640614,975
2022-10-09 03:30:03.547320,22.01451329232,437
2022-10-09 04:00:03.297770,22.44301035228,996
2022-10-09 04:30:04.535823,21.796968865860002,969.0
2022-10-09 05:00:04.070448,21.69148491972,979.0
2022-10-09 05:30:04.724459,21.263003118540002,924.0
2022-10-09 06:00:04.288128,21.206965248990002,963.5
2022-10-09 06:30:04.785614,21.31573746222,982.5
2022-10-09 07:00:04.420233,20.827914265620002,983.5
2022-10-09 07:30:04.083595,20.93338295298,992.5
2022-10-09 08:00:04.640997,20.28734146656,976.0
2022-10-09 08:30:04.299400,20.069812298880002,978.0
2022-10-09 09:00:04.924314,20.34008343963,976.0
2022-10-09 09:30:04.633737,19.74678392628,970.0
2022-10-09 10:00:04.181638,19.6940495826,972.0
2022-10-09 10:30:04.856067,20.231311226400003,977.5
2022-10-09 11:00:04.410935,19.52923949982,961.5
2022-10-09 11:30:04.141774,19.42377081246,985.5
2022-10-09 12:00:04.712018,19.64131523892,968.0
2022-10-09 12:30:04.500416,19.21281817896,1001.5
2022-10-09 13:00:04.028645,19.21281817896,967.5
2022-10-09 13:30:04.689032,19.15678030941,970.0
2022-10-09 14:00:04.222934,19.21281817896,963.0
2022-10-09 14:30:04.876041,19.31828686632,967.0
2022-10-09 15:00:04.429322,19.21281817896,979.5
2022-10-09 15:30:04.102219,19.52923949982,974.0
2022-10-09 16:00:04.633198,20.069812298880002,973.0
2022-10-09 16:30:04.292998,20.55762786609,970.0
2022-10-09 17:00:04.826443,21.473940493260002,965.0
2022-10-09 17:30:04.472447,21.909029346180002,973.5
2022-10-09 18:00:03.979333,22.33752640614,957.0
2022-10-09 18:30:04.626445,23.63620117194,939.0
2022-10-09 19:00:04.139686,25.14581331246,940.0
2022-10-09 19:30:04.761335,26.22033660006,950.0
2022-10-09 20:00:04.264226,26.760909399120003,944.5
2022-10-09 20:30:05.032697,26.22033660006,947.0
2022-10-09 21:00:04.566197,24.28222739958,941.5
2022-10-09 21:30:04.356340,24.49977182604,942.5
2022-10-09 22:00:04.917259,23.41865674548,935.5
2022-10-09 22:30:04.614577,22.98356789256,954.5
2022-10-09 23:00:04.150959,22.77261525906,947.0
2022-10-09 23:30:04.833284,22.555070832600002,943.5
2022-10-10 00:00:04.369973,22.28479206246,950.5
2022-10-10 00:30:04.032974,22.33752640614,943.5
2022-10-10 01:00:04.562355,22.33752640614,947.0
2022-10-10 01:30:04.217949,22.33752640614,934.0
2022-10-10 02:00:04.760623,22.44301035228,955.0
2022-10-10 02:30:04.419007,22.33752640614,939.0
2022-10-10 03:00:03.976206,22.12657377264,940.5
2022-10-10 03:30:04.647738,22.12657377264,953.5
2022-10-10 04:00:04.218464,21.909029346180002,955.0
2022-10-10 04:30:04.921305,21.796968865860002,949.0
2022-10-10 05:00:04.459730,21.744226892790003,954.0
2022-10-10 05:30:04.089576,21.3684718059,945.5
2022-10-10 06:00:04.635431,21.3684718059,942.5
2022-10-10 06:30:04.089441,21.31573746222,959.5
2022-10-10 07:00:04.620285,20.93338295298,968.0
2022-10-10 07:30:04.246374,20.66640007932,969.5
2022-10-10 08:00:04.769911,20.61036983916,964.5
2022-10-10 08:30:04.452226,20.28734146656,948.5
2022-10-10 09:00:03.976812,20.122546642560003,974.5
2022-10-10 09:30:04.658150,20.55762786609,970.0
2022-10-10 10:00:04.214896,19.96432835274,958.5
2022-10-10 10:30:04.896459,19.858859665380002,953.5
2022-10-10 11:00:04.446603,20.28734146656,960.5
2022-10-10 11:30:04.117255,19.74678392628,948.5
2022-10-10 12:00:04.699297,19.96432835274,961.5
2022-10-10 12:30:04.354339,19.96432835274,966.5
2022-10-10 13:00:04.902084,19.74678392628,971.0
2022-10-10 13:30:04.585952,19.858859665380002,947.5
2022-10-10 14:00:04.145430,19.74678392628,950.0
2022-10-10 14:30:04.833687,19.52923949982,967.5
2022-10-10 15:00:04.365775,20.17528098624,963.5
2022-10-10 15:30:04.011934,20.392825412700002,951.0
2022-10-10 16:00:04.547968,20.61036983916,949.5
2022-10-10 16:30:04.217768,20.93338295298,943.0
2022-10-10 17:00:04.767394,21.3684718059,940.5
2022-10-10 17:30:04.444407,21.796968865860002,950.0
2022-10-10 18:00:03.992476,22.555070832600002,943.5
2022-10-10 18:30:04.683188,23.7416698593,951.0
2022-10-10 19:00:04.229121,25.84458914256,945.0
2022-10-10 19:30:04.908145,26.325820546200003,945.5
2022-10-10 20:00:04.452148,27.18940645908,943.0
2022-10-10 20:30:04.099933,26.43788102652,942.0
2022-10-10 21:00:04.644439,25.03373757336,940.5
2022-10-10 21:30:04.299466,25.19854765614,940.0
2022-10-10 22:00:04.823533,25.89732348624,950.0
2022-10-10 22:30:04.542377,24.38771134572,931.0
2022-10-10 23:00:04.096581,24.06468297312,938.5
2022-10-10 23:30:04.762757,23.847138546660002,938.0
2022-10-11 00:00:04.297958,23.7416698593,940.5
2022-10-11 00:30:04.000003,23.79440420298,936.0
2022-10-11 01:00:04.583870,23.63620117194,934.0
2022-10-11 01:30:04.287797,23.524125432840002,947.0
2022-10-11 02:00:04.835975,23.41865674548,950.0
2022-10-11 02:30:04.529930,23.41865674548,948.0
2022-10-11 03:00:04.873188,23.089036579920002,930.5
2022-10-11 03:30:04.579350,23.089036579920002,946.0
2022-10-11 04:00:04.138138,22.878083946420002,949.0
2022-10-11 04:30:04.910191,22.77261525906,942.0
2022-10-11 05:00:04.487644,22.77261525906,944.5
2022-10-11 05:30:04.134288,22.66053951996,947.5
2022-10-11 06:00:04.688653,22.33752640614,945.0
2022-10-11 06:30:04.432448,22.555070832600002,947.5
2022-10-11 07:00:04.087824,21.909029346180002,951.5
2022-10-11 07:30:04.776073,21.473940493260002,953.0
2022-10-11 08:00:04.313422,21.69148491972,960.5
2022-10-11 08:30:04.092903,21.263003118540002,952.0
2022-10-11 09:00:04.618604,20.93338295298,959.0
2022-10-11 09:30:04.331527,21.263003118540002,964.5
2022-10-11 10:00:04.884055,20.66640007932,939.5
2022-10-11 10:30:04.537951,20.392825412700002,948.5
2022-10-11 11:00:04.019353,21.04545869208,951.5
2022-10-11 11:30:04.712823,20.72243031948,952.0
2022-10-11 12:00:04.276511,20.50488589302,954.5
2022-10-11 12:30:03.988022,20.72243031948,950.0
2022-10-11 13:00:04.499911,20.50488589302,949.0
2022-10-11 13:30:04.109031,20.28734146656,965.5
2022-10-11 14:00:04.801713,20.775172292550003,954.5
2022-10-11 14:30:04.457274,20.34008343963,937.5
2022-10-11 15:00:03.993418,20.880648609300003,930.0
2022-10-11 15:30:04.700593,21.63545467956,950.0
2022-10-11 16:00:04.340139,21.52668246633,935.0
2022-10-11 16:30:04.066872,21.796968865860002,947.0
2022-10-11 17:00:04.599980,22.12657377264,942.0
2022-10-11 17:30:04.299838,22.44301035228,991.0
2022-10-11 18:00:04.917870,22.44301035228,938.0
2022-10-11 18:30:04.566722,22.555070832600002,936.0
2022-10-11 19:00:04.106410,22.39026837921,932.0
2022-10-11 19:30:04.924956,22.232057718780002,928.5
2022-10-11 20:00:04.464641,22.33752640614,925.5
2022-10-11 20:30:04.231252,22.232057718780002,938.0
2022-10-11 21:00:04.791026,22.33752640614,943.5
2022-10-11 21:30:04.475418,22.232057718780002,945.5
2022-10-11 22:00:04.041642,22.44301035228,949.5
2022-10-11 22:30:04.716415,22.499040592440004,936.0
2022-10-11 23:00:04.258099,22.499040592440004,951.5
2022-10-11 23:30:05.101287,22.499040592440004,936.0
2022-10-12 00:00:04.763557,22.44301035228,945.5
2022-10-12 00:30:04.431245,22.44301035228,934.0
2022-10-12 01:00:03.957229,22.44301035228,947.0
2022-10-12 01:30:04.697611,22.33752640614,950.5
2022-10-12 02:00:04.238887,22.33752640614,936.5
2022-10-12 02:30:04.927785,21.796968865860002,933.5
2022-10-12 03:00:04.452378,21.796968865860002,943.5
2022-10-12 03:30:04.079326,22.33752640614,955.0
2022-10-12 04:00:04.632089,22.12657377264,944.0
2022-10-12 04:30:04.291266,22.070543532480002,943.0
2022-10-12 05:00:04.842461,22.39026837921,949.5
2022-10-12 05:30:04.519213,22.232057718780002,971.5
2022-10-12 06:00:04.047955,22.555070832600002,941.5
2022-10-12 06:30:04.797310,22.232057718780002,945.5
2022-10-12 07:00:04.327849,21.909029346180002,949.5
2022-10-12 07:30:04.011504,22.12657377264,960.5
2022-10-12 08:00:04.539382,22.01451329232,960.5
2022-10-12 08:30:04.197692,21.69148491972,945.0
2022-10-12 09:00:04.759730,21.909029346180002,962.0
2022-10-12 09:30:04.428418,21.5794244394,951.5
2022-10-12 10:00:03.987768,21.909029346180002,957.5
2022-10-12 10:30:04.650134,21.909029346180002,955.5
2022-10-12 11:00:04.180199,21.5794244394,942.5
2022-10-12 11:30:04.913256,21.796968865860002,951.0
2022-10-12 12:00:04.443418,21.52668246633,961.0
2022-10-12 12:30:04.087675,21.473940493260002,965.5
2022-10-12 13:00:04.629248,21.796968865860002,954.5
2022-10-12 13:30:04.320559,21.3684718059,940.5
2022-10-12 14:00:04.855918,21.3684718059,961.0
2022-10-12 14:30:04.519742,22.01451329232,945.5
2022-10-12 15:00:04.069798,21.909029346180002,962.5
2022-10-12 15:30:04.747940,22.232057718780002,954.5
2022-10-12 16:00:04.309440,22.33752640614,963.0
2022-10-12 16:30:04.003283,22.232057718780002,958.5
2022-10-12 17:00:04.549119,22.82534960274,957.5
2022-10-12 17:30:04.236311,22.71657738951,964.0
2022-10-12 18:00:04.778661,22.555070832600002,964.5
2022-10-12 18:30:04.466197,22.71657738951,959.5
2022-10-12 19:00:04.015365,22.93082591949,963.0
2022-10-12 19:30:04.728023,22.66053951996,960.5
2022-10-12 20:00:04.252704,22.66053951996,955.5
2022-10-12 20:30:04.979337,22.66053951996,950.5
2022-10-12 21:00:04.527035,24.552513799110002,979.5
2022-10-12 21:30:04.185872,24.38771134572,972.5
2022-10-12 22:00:04.747433,24.28222739958,964.0
2022-10-12 22:30:04.407804,23.9526224928,971.0
2022-10-12 23:00:03.990474,23.7416698593,965.5
2022-10-12 23:30:04.651431,23.30658100638,966.0
2022-10-13 00:01:49.462436,23.089036579920002,959.5
2022-10-13 00:30:04.134478,23.524125432840002,970.0
2022-10-13 01:00:04.692652,23.20111231902,953.5
2022-10-13 01:30:04.350570,23.20111231902,971.5
2022-10-13 02:00:05.030047,22.98356789256,963.0
2022-10-13 02:30:04.730890,22.98356789256,963.5
2022-10-13 03:00:04.250876,22.77261525906,958.5
2022-10-13 03:30:04.920553,22.607805176280003,970.5
2022-10-13 04:00:04.503654,22.555070832600002,964.5
2022-10-13 04:30:04.153112,22.232057718780002,971.5
2022-10-13 05:00:04.702862,22.232057718780002,965.5
2022-10-13 05:30:04.424147,22.01451329232,962.0
2022-10-13 06:00:03.991326,21.5794244394,960.0
2022-10-13 06:30:04.754908,21.5794244394,966.0
2022-10-13 07:00:04.302996,21.04545869208,975.0
2022-10-13 07:30:03.976741,20.827914265620002,968.5
2022-10-13 08:00:04.524349,20.61036983916,979.0
2022-10-13 08:30:04.163104,20.61036983916,973.0
2022-10-13 09:00:04.788070,20.50488589302,985.0
2022-10-13 09:30:04.453973,20.392825412700002,977.0
2022-10-13 10:00:03.983182,20.28734146656,966.5
2022-10-13 10:30:04.653275,20.069812298880002,958.5
2022-10-13 11:00:04.208084,20.17528098624,973.5
2022-10-13 11:30:04.879085,19.858859665380002,967.0
2022-10-13 12:00:04.493014,19.80282179583,982.5
2022-10-13 12:30:04.147688,19.96432835274,965.5
2022-10-13 13:00:04.697898,19.64131523892,972.5
2022-10-13 13:30:04.362114,19.64131523892,969.5
2022-10-13 14:00:05.010542,19.6940495826,965.0
2022-10-13 14:30:04.730900,19.58527736937,966.0
2022-10-13 15:00:04.304666,20.61036983916,972.0
2022-10-13 15:30:04.013443,20.50488589302,967.5
2022-10-13 16:00:04.564219,21.150927379440002,966.0
2022-10-13 16:30:04.297255,21.52668246633,954.5
2022-10-13 17:00:04.845384,21.5794244394,961.5
2022-10-13 17:30:04.622872,22.01451329232,970.5
2022-10-13 18:00:04.154669,22.44301035228,967.0
2022-10-13 18:30:04.799906,22.66053951996,966.5
2022-10-13 19:00:04.375985,22.77261525906,962.0
2022-10-13 19:30:04.043865,22.71657738951,961.0
2022-10-13 20:00:04.571786,23.30658100638,960.5
2022-10-13 20:30:04.245982,22.33752640614,957.0
2022-10-13 21:00:04.808305,22.01451329232,961.5
2022-10-13 21:30:04.488500,22.33752640614,962.5
2022-10-13 22:00:04.029601,22.28479206246,965.0
2022-10-13 22:30:04.708553,21.796968865860002,956.0
2022-10-13 23:00:04.246473,21.796968865860002,959.5
2022-10-13 23:30:04.939912,21.3684718059,960.0
2022-10-14 00:00:04.509856,21.473940493260002,959.0
2022-10-14 00:30:04.206082,21.473940493260002,956.0
2022-10-14 01:00:04.776017,21.909029346180002,965.0
2022-10-14 01:30:04.430258,22.232057718780002,957.0
2022-10-14 02:00:03.985602,21.909029346180002,948.5
2022-10-14 02:30:04.777179,21.5794244394,964.0
2022-10-14 03:00:04.309772,21.63545467956,951.0
2022-10-14 03:30:03.984860,21.150927379440002,962.5
2022-10-14 04:00:04.525409,21.04545869208,958.5
2022-10-14 04:30:04.198095,21.09819303576,955.5
2022-10-14 05:00:04.770242,20.98942082253,965.5
2022-10-14 05:30:04.451997,21.09819303576,953.5
2022-10-14 06:00:03.998706,20.72243031948,960.0
2022-10-14 07:00:04.823760,20.17528098624,970.5
2022-10-14 07:30:04.527208,19.911594009060003,976.5
2022-10-14 08:00:04.086697,19.911594009060003,978.5
2022-10-14 08:30:04.884980,19.858859665380002,971.0
2022-10-14 09:00:04.463613,19.47650515614,968.5
2022-10-14 09:30:04.121307,19.64131523892,969.5
2022-10-14 10:00:04.674887,19.64131523892,966.0
2022-10-14 10:30:04.305197,19.21281817896,956.0
2022-10-14 11:00:04.859288,19.42377081246,971.0
2022-10-14 11:30:04.514102,19.31828686632,959.5
2022-10-14 12:00:04.175350,19.21281817896,975.5
2022-10-14 12:30:04.864651,19.21281817896,967.5
2022-10-14 13:00:04.452837,18.9952737525,957.0
2022-10-14 13:30:04.125290,19.21281817896,993.5
2022-10-14 14:00:04.672084,18.9952737525,976.0
2022-10-14 14:30:04.348405,19.21281817896,956.5
2022-10-14 15:00:04.901522,19.31828686632,960.5
2022-10-14 15:30:04.594763,19.80282179583,956.5
2022-10-14 16:00:04.173288,19.96432835274,962.0
2022-10-14 16:30:04.844407,20.069812298880002,947.0
2022-10-14 17:00:04.422504,20.392825412700002,985.0
2022-10-14 17:30:04.117192,20.880648609300003,960.5
2022-10-14 18:00:04.678441,20.93338295298,984.0
2022-10-14 18:30:04.454098,21.473940493260002,950.0
2022-10-14 19:00:04.003631,23.089036579920002,999.5
2022-10-14 19:30:04.845317,22.070543532480002,955.0
2022-10-14 20:00:04.415356,21.473940493260002,956.5
2022-10-14 20:30:04.216612,21.3684718059,958.5
2022-10-14 21:00:04.766354,21.3684718059,954.5
2022-10-14 21:30:04.462457,21.3684718059,959.5
2022-10-14 22:00:04.058847,21.263003118540002,959.0
2022-10-14 22:30:04.791803,21.3684718059,958.0
2022-10-14 23:00:04.333652,21.3684718059,992.0
2022-10-14 23:30:04.041224,21.3684718059,990.5
2022-10-15 00:00:04.634634,21.263003118540002,953.0
2022-10-15 00:30:04.295718,21.150927379440002,957.0
2022-10-15 01:00:04.875052,21.04545869208,944.5
2022-10-15 01:30:04.539224,21.04545869208,958.5
2022-10-15 02:00:04.087659,20.72243031948,948.0
2022-10-15 02:30:04.760718,20.93338295298,957.0
2022-10-15 03:00:04.316849,20.93338295298,946.5
2022-10-15 03:30:04.153767,20.880648609300003,939.0
2022-10-15 04:00:04.738578,20.827914265620002,946.0
2022-10-15 04:30:04.437167,20.827914265620002,942.0
2022-10-15 05:00:03.972648,20.50488589302,943.5
2022-10-15 05:30:04.624065,20.28734146656,791.0
2022-10-15 06:00:04.194682,20.61036983916,941.5
2022-10-15 06:30:04.677848,20.392825412700002,953.0
2022-10-15 07:00:04.238656,19.96432835274,969.5
2022-10-15 07:30:04.948435,19.96432835274,960.0
2022-10-15 08:00:04.522079,19.6940495826,964.0
2022-10-15 08:30:04.264099,19.911594009060003,959.5
2022-10-15 09:00:04.847302,19.58527736937,956.5
2022-10-15 09:30:04.568967,19.858859665380002,948.5
2022-10-15 10:00:04.226144,19.52923949982,955.5
2022-10-15 10:30:04.898642,19.64131523892,956.5
2022-10-15 11:00:04.500753,19.42377081246,933.0
2022-10-15 11:30:04.133325,19.47650515614,937.0
2022-10-15 12:00:04.688927,19.58527736937,931.0
2022-10-15 12:30:04.406903,19.31828686632,951.0
2022-10-15 13:00:03.981572,19.31828686632,938.5
2022-10-15 13:30:04.682521,19.31828686632,929.5
2022-10-15 14:00:04.250036,19.15678030941,946.5
2022-10-15 14:30:04.955652,19.42377081246,938.5
2022-10-15 15:00:04.682997,19.31828686632,913.0
2022-10-15 15:30:04.311734,19.64131523892,927.5
2022-10-15 16:00:04.864280,20.72243031948,936.5
2022-10-15 16:30:04.557660,20.72243031948,927.5
2022-10-15 17:00:04.091279,20.880648609300003,926.0
2022-10-15 17:30:04.903498,21.5794244394,771.5
2022-10-15 18:00:04.492938,22.44301035228,933.5
2022-10-15 18:30:04.288317,23.41865674548,918.5
2022-10-15 19:00:04.846233,24.38771134572,915.5
2022-10-15 19:30:04.525796,26.38185078636,920.0
2022-10-15 20:00:04.075631,27.18940645908,924.5
2022-10-15 20:30:04.768142,25.84458914256,932.0
2022-10-15 21:00:04.318240,24.81620840568,950.0
2022-10-15 21:30:03.990753,24.38771134572,931.5
2022-10-15 22:00:04.558839,24.06468297312,729.5
2022-10-15 22:30:04.215916,23.7416698593,924.0
2022-10-15 23:00:04.766701,23.089036579920002,919.0
2022-10-15 23:30:04.552797,22.98356789256,957.5
2022-10-16 00:00:04.099760,22.555070832600002,926.0
2022-10-16 00:30:04.780884,22.28479206246,918.0
2022-10-16 01:00:04.330270,22.12657377264,921.0
2022-10-16 01:30:04.005355,22.01451329232,909.0
2022-10-16 02:00:04.580102,21.909029346180002,910.0
2022-10-16 02:30:04.249067,21.909029346180002,908.5
2022-10-16 03:00:04.803324,21.69148491972,910.0
2022-10-16 03:30:04.483505,21.69148491972,914.0
2022-10-16 04:00:03.996782,21.63545467956,918.5
2022-10-16 04:30:04.637619,21.473940493260002,631.0
2022-10-16 05:00:04.286058,21.473940493260002,907.0
2022-10-16 05:30:03.995220,21.473940493260002,900.5
2022-10-16 06:00:04.534033,21.69148491972,897.0
2022-10-16 06:30:04.066558,21.3684718059,913.0
2022-10-16 07:00:04.738908,21.04545869208,922.5
2022-10-16 07:30:04.382927,21.150927379440002,915.5
2022-10-16 08:00:04.934447,21.04545869208,929.5
2022-10-16 08:30:04.644721,20.66640007932,931.0
2022-10-16 09:00:04.177037,20.72243031948,928.0
2022-10-16 09:30:04.873818,20.72243031948,918.5
2022-10-16 10:00:04.443090,20.392825412700002,918.5
2022-10-16 10:30:04.115380,20.50488589302,917.5
2022-10-16 11:00:04.679428,20.122546642560003,898.5
2022-10-16 11:30:04.360369,20.44885565286,919.5
2022-10-16 12:00:04.900195,20.069812298880002,905.5
2022-10-16 12:30:04.548100,20.392825412700002,923.5
2022-10-16 13:00:04.077718,19.96432835274,929.0
2022-10-16 13:30:04.752716,20.28734146656,929.5
2022-10-16 14:00:04.301829,19.858859665380002,902.5
2022-10-16 14:30:04.040982,20.17528098624,922.0
2022-10-16 15:00:04.608701,20.50488589302,900.0
2022-10-16 15:30:04.270077,20.93338295298,896.0
2022-10-16 16:00:04.921657,21.04545869208,725.0
2022-10-16 16:30:04.621206,21.04545869208,907.0
2022-10-16 17:00:04.153398,21.796968865860002,887.5
2022-10-16 17:30:04.904569,22.232057718780002,915.5
2022-10-16 18:00:04.495288,22.77261525906,762.0
2022-10-16 18:30:04.113981,22.33752640614,918.0
2022-10-16 19:00:04.668083,21.909029346180002,910.0
2022-10-16 19:30:04.340110,22.070543532480002,911.0
2022-10-16 20:00:04.897066,22.28479206246,898.5
2022-10-16 20:30:04.576474,22.232057718780002,901.0
2022-10-16 21:00:04.103762,22.232057718780002,905.5
2022-10-16 21:30:04.903532,22.17931574571,904.0
2022-10-16 22:00:04.460420,22.232057718780002,896.0
2022-10-16 22:30:04.124724,21.796968865860002,907.0
2022-10-16 23:00:04.684123,21.63545467956,902.5
2022-10-16 23:30:04.347510,21.909029346180002,876.5
2022-10-17 00:00:05.018866,21.473940493260002,899.5
2022-10-17 00:30:04.725994,21.04545869208,895.5
2022-10-17 01:00:04.311507,21.3684718059,889.5
2022-10-17 01:30:03.987672,21.263003118540002,884.0
2022-10-17 02:00:04.556064,21.04545869208,880.0
2022-10-17 02:30:04.315542,21.09819303576,884.5
2022-10-17 03:00:05.014451,21.04545869208,894.0
2022-10-17 03:30:04.804494,21.04545869208,872.0
2022-10-17 04:00:04.390148,21.31573746222,881.0
2022-10-17 04:30:04.089613,21.263003118540002,880.0
2022-10-17 05:00:04.625489,21.04545869208,881.0
2022-10-17 05:30:04.273851,21.150927379440002,875.5
2022-10-17 06:00:04.902648,20.93338295298,962.0
2022-10-17 06:30:04.547804,21.04545869208,879.5
2022-10-17 07:00:04.083702,20.50488589302,940.0
2022-10-17 07:30:04.774278,20.72243031948,873.5
2022-10-17 08:00:04.326769,20.17528098624,875.0
2022-10-17 08:30:03.983952,20.28734146656,887.5
2022-10-17 09:00:04.545869,20.392825412700002,881.0
2022-10-17 09:30:04.351868,20.122546642560003,875.0
2022-10-17 10:00:04.891895,20.44885565286,874.5
2022-10-17 10:30:04.710104,20.17528098624,859.0
2022-10-17 11:00:04.254637,20.17528098624,864.0
2022-10-17 11:30:04.939415,20.44885565286,893.5
2022-10-17 12:00:04.518659,20.069812298880002,892.5
2022-10-17 12:30:04.292296,19.911594009060003,894.0
2022-10-17 13:00:04.861629,20.28734146656,868.5
2022-10-17 13:30:04.564146,19.96432835274,860.0
2022-10-17 14:00:04.122867,19.96432835274,888.0
2022-10-17 14:30:04.806803,20.392825412700002,860.5
2022-10-17 15:00:04.362936,20.827914265620002,965.5
2022-10-17 15:30:04.023861,20.392825412700002,990.5
2022-10-17 16:00:04.572583,20.17528098624,996.5
2022-10-17 16:30:04.241060,20.17528098624,993.5
2022-10-17 17:00:04.785076,20.17528098624,988.0
2022-10-17 17:30:04.577175,19.96432835274,1000.0
2022-10-17 18:00:04.126387,20.17528098624,987.0
2022-10-17 18:30:04.796397,20.069812298880002,983.5
2022-10-17 19:00:04.353572,20.392825412700002,993.5
2022-10-17 19:30:04.043652,20.392825412700002,990.5
2022-10-17 20:00:04.574803,20.069812298880002,983.5
2022-10-17 20:30:04.207648,20.827914265620002,989.0
2022-10-17 21:00:04.738204,20.827914265620002,989.5
2022-10-17 21:30:04.423988,20.66640007932,993.0
2022-10-17 22:00:04.006024,20.61036983916,980.5
2022-10-17 22:30:04.792825,20.827914265620002,995.0
2022-10-17 23:00:04.324471,20.28734146656,993.0
2022-10-17 23:30:03.998797,20.28734146656,984.0
2022-10-18 00:00:04.573904,20.72243031948,982.5
2022-10-18 00:30:04.245006,20.28734146656,989.5
2022-10-18 01:00:04.829106,20.17528098624,989.5
2022-10-18 01:30:04.529082,20.50488589302,988.5
2022-10-18 02:00:04.106053,20.50488589302,987.5
2022-10-18 02:30:04.818066,20.28734146656,989.0
2022-10-18 03:00:04.369653,20.069812298880002,984.5
2022-10-18 03:30:04.022663,19.911594009060003,990.5
2022-10-18 04:00:04.590306,19.911594009060003,986.0
2022-10-18 04:30:04.266589,19.858859665380002,986.5
2022-10-18 05:00:04.961691,19.52923949982,983.0
2022-10-18 05:30:04.629261,19.31828686632,995.0
2022-10-18 06:00:04.301743,18.93924351234,945.5
2022-10-18 06:30:04.873994,19.21281817896,985.0
2022-10-18 07:00:04.434044,18.66566884572,992.0
2022-10-18 07:30:04.232028,18.88321327218,987.5
2022-10-18 08:00:05.617034,18.5074505559,992.0
2022-10-18 08:30:04.313525,18.77772932604,982.5
2022-10-18 09:00:05.079017,18.66566884572,987.5
2022-10-18 09:30:04.778493,18.45471621222,991.5
2022-10-18 10:00:04.341557,18.66566884572,1007.0
2022-10-18 10:30:04.143931,18.45471621222,987.5
2022-10-18 11:00:04.722063,18.45471621222,987.0
2022-10-18 11:30:04.400022,18.66566884572,988.0
2022-10-18 12:00:03.990174,18.23717178576,981.0
2022-10-18 12:30:04.664882,18.45471621222,986.5
2022-10-18 13:00:04.222520,18.66566884572,990.0
2022-10-18 13:30:04.936619,18.23717178576,974.0
2022-10-18 14:00:04.622187,18.34923226608,981.0
2022-10-18 14:30:04.291996,18.66566884572,984.0
2022-10-18 15:00:04.959400,19.15678030941,979.0
2022-10-18 15:30:04.630973,19.31828686632,967.0
2022-10-18 16:00:04.176021,20.069812298880002,960.0
2022-10-18 16:30:04.872014,19.96432835274,972.0
2022-10-18 17:00:04.481768,20.34008343963,962.5
2022-10-18 17:30:04.314557,20.61036983916,970.5
2022-10-18 18:00:04.863840,20.827914265620002,969.0
2022-10-18 18:30:04.641720,22.12657377264,886.0
2022-10-18 19:00:04.194963,22.12657377264,968.0
2022-10-18 19:30:04.903042,23.7416698593,960.5
2022-10-18 20:00:04.584204,23.20111231902,966.5
2022-10-18 20:30:04.286596,21.744226892790003,952.5
2022-10-18 21:00:04.834906,21.85299910602,955.0
2022-10-18 21:30:04.542954,21.69148491972,960.5
2022-10-18 22:00:04.131805,21.52668246633,967.0
2022-10-18 22:30:04.818243,21.5794244394,736.5
2022-10-18 23:00:04.391626,21.150927379440002,969.5
2022-10-18 23:30:04.056940,20.93338295298,962.5
2022-10-19 00:00:04.795440,20.66640007932,952.0
2022-10-19 00:30:04.592598,20.50488589302,956.5
2022-10-19 01:00:04.178836,20.50488589302,952.5
2022-10-19 01:30:04.888451,20.392825412700002,958.0
2022-10-19 02:00:04.456927,20.34008343963,959.5
2022-10-19 02:30:04.134326,20.392825412700002,957.0
2022-10-19 03:00:04.684165,20.17528098624,955.5
2022-10-19 03:30:04.351299,20.34008343963,955.5
2022-10-19 04:00:04.920521,20.28734146656,949.5
2022-10-19 04:30:04.576205,20.28734146656,951.0
2022-10-19 05:00:04.124171,20.122546642560003,941.5
2022-10-19 05:30:04.867750,20.069812298880002,954.0
2022-10-19 06:00:04.459739,20.069812298880002,944.5
2022-10-19 06:30:04.239380,20.069812298880002,948.5
2022-10-19 07:00:04.809013,19.858859665380002,953.0
2022-10-19 07:30:04.466446,19.42377081246,958.0
2022-10-19 08:00:04.014265,19.58527736937,945.0
2022-10-19 08:30:04.701069,19.31828686632,955.0
2022-10-19 09:00:04.258515,19.15678030941,957.0
2022-10-19 09:30:05.054529,19.31828686632,957.5
2022-10-19 10:00:04.741571,19.10074243986,969.0
2022-10-19 10:30:04.448666,19.10074243986,956.5
2022-10-19 11:00:04.034195,19.21281817896,996.0
2022-10-19 11:30:04.746556,18.88321327218,963.5
2022-10-19 12:00:04.336810,18.77772932604,960.0
2022-10-19 12:30:04.062547,18.9952737525,954.5
2022-10-19 13:00:04.615149,18.88321327218,951.0
2022-10-19 13:30:04.286756,18.56018489958,965.0
2022-10-19 14:00:04.865996,18.66566884572,952.5
2022-10-19 14:30:04.541974,18.77772932604,963.0
2022-10-19 15:00:04.089227,18.88321327218,937.0
2022-10-19 15:30:04.799437,18.77772932604,930.5
2022-10-19 16:00:04.469403,19.96432835274,978.5
2022-10-19 16:30:04.172166,20.17528098624,951.0
2022-10-19 17:00:04.722972,20.17528098624,928.0
2022-10-19 17:30:04.387235,20.93338295298,945.5
2022-10-19 18:00:04.953815,21.3684718059,939.0
2022-10-19 18:30:04.620788,22.44301035228,948.5
2022-10-19 19:00:04.180477,23.36261887593,947.5
2022-10-19 19:30:04.892554,25.30402397289,940.0
2022-10-19 20:00:04.453904,25.84458914256,953.5
2022-10-19 20:30:04.119490,25.19854765614,947.5
2022-10-19 21:00:04.677934,24.49977182604,939.5
2022-10-19 21:30:04.382439,24.17016691926,947.5
2022-10-19 22:00:04.972029,23.847138546660002,941.0
2022-10-19 22:30:04.625122,23.524125432840002,949.5
2022-10-19 23:00:04.191923,23.145074449470002,942.0
2022-10-19 23:30:04.992685,22.878083946420002,951.0
2022-10-20 00:00:04.581890,22.28479206246,944.5
2022-10-20 00:30:04.362034,22.01451329232,942.0
2022-10-20 01:00:04.941013,22.01451329232,937.5
2022-10-20 01:30:04.648657,21.909029346180002,952.5
2022-10-20 02:00:04.165704,21.796968865860002,942.5
2022-10-20 02:30:04.847537,21.796968865860002,931.0
2022-10-20 03:00:04.396213,21.69148491972,946.5
2022-10-20 03:30:05.033582,21.42120614958,952.0
2022-10-20 04:00:05.067251,21.31573746222,940.5
2022-10-20 04:30:05.135201,21.3684718059,956.0
2022-10-20 05:00:05.231962,21.150927379440002,931.0
2022-10-20 05:30:05.320648,21.150927379440002,972.5
2022-10-20 06:00:05.307421,20.93338295298,942.5
2022-10-20 06:30:04.624291,20.93338295298,936.5
2022-10-20 07:00:04.697459,20.44885565286,922.5
2022-10-20 07:30:04.740384,20.17528098624,931.0
2022-10-20 08:00:04.710670,20.17528098624,931.5
2022-10-20 08:30:04.746363,20.50488589302,946.0
2022-10-20 09:00:04.672539,20.069812298880002,924.0
2022-10-20 09:30:04.838405,19.858859665380002,995.5
2022-10-20 10:00:04.793764,19.858859665380002,945.5
2022-10-20 10:30:04.890718,19.858859665380002,925.0
2022-10-20 11:00:04.954328,19.96432835274,941.5
2022-10-20 11:30:04.997382,19.858859665380002,934.0
2022-10-20 12:00:05.057122,19.74678392628,618.0
2022-10-20 12:30:05.143344,19.52923949982,930.5
2022-10-20 13:00:05.217248,19.64131523892,945.0
2022-10-20 13:30:05.322847,19.80282179583,929.0
2022-10-20 14:00:05.259784,19.96432835274,940.0
2022-10-20 14:30:05.334187,19.858859665380002,944.5
2022-10-20 15:00:05.405318,20.28734146656,976.0
2022-10-20 15:30:04.498292,20.93338295298,912.0
2022-10-20 16:00:04.430790,21.3684718059,926.0
2022-10-20 16:30:04.510570,21.263003118540002,928.5
2022-10-20 17:00:04.401963,21.473940493260002,923.0
2022-10-20 17:30:04.538511,21.909029346180002,936.5
2022-10-20 18:00:04.485985,23.03630223624,928.5
2022-10-20 18:30:04.543859,24.17016691926,922.5
2022-10-20 19:00:04.457232,25.14581331246,924.5
2022-10-20 19:30:04.581166,26.54336497266,906.0
2022-10-20 20:00:04.510995,26.81693963928,915.5
2022-10-20 20:30:04.587931,24.71072445954,986.5
2022-10-20 21:00:04.524592,24.17016691926,964.5
2022-10-20 21:30:04.550659,23.7416698593,989.5
2022-10-20 22:00:04.478306,23.847138546660002,993.5
2022-10-20 23:00:05.237616,23.9526224928,1001.5
2022-10-20 23:30:05.310978,23.7416698593,1004.0
2022-10-21 00:00:08.193444,23.524125432840002,1008.0
2022-10-21 00:30:04.405424,23.524125432840002,994.5
2022-10-21 01:00:05.362409,23.63620117194,988.5
2022-10-21 01:30:04.438123,23.63620117194,992.5
2022-10-21 02:00:04.405174,23.41865674548,972.5
2022-10-21 02:30:04.430322,23.089036579920002,990.0
2022-10-21 03:00:04.419090,22.98356789256,997.5
2022-10-21 03:30:04.511006,22.66053951996,989.5
2022-10-21 04:00:04.418819,22.44301035228,979.5
2022-10-21 04:30:04.522182,22.28479206246,988.0
2022-10-21 05:30:05.133438,22.01451329232,990.0
2022-10-21 06:00:05.209996,21.796968865860002,976.0
2022-10-21 06:30:04.680740,21.796968865860002,980.5
2022-10-21 07:00:04.617538,21.796968865860002,975.0
2022-10-21 07:30:04.721833,21.150927379440002,987.0
2022-10-21 08:00:04.651999,21.263003118540002,994.5
2022-10-21 08:30:04.701978,21.3684718059,975.5
2022-10-21 09:00:04.620048,21.150927379440002,967.5
2022-10-21 09:30:04.674561,20.827914265620002,977.5
2022-10-21 10:00:04.730138,21.04545869208,975.0
2022-10-21 10:30:04.821064,20.98942082253,980.0
2022-10-21 11:00:04.784913,20.72243031948,983.5
2022-10-21 11:30:04.855282,20.827914265620002,983.0
2022-10-21 12:00:04.808046,20.827914265620002,969.5
2022-10-21 12:30:04.853145,20.66640007932,960.5
2022-10-21 13:00:04.849332,20.34008343963,976.5
2022-10-21 13:30:04.899134,20.50488589302,978.5
2022-10-21 14:00:04.839845,20.827914265620002,971.0
2022-10-21 14:30:04.900741,20.50488589302,979.0
2022-10-21 15:00:04.855038,20.93338295298,957.5
2022-10-21 15:30:04.926210,21.150927379440002,935.5
2022-10-21 16:00:04.880206,21.5794244394,909.5
2022-10-21 16:30:04.947719,21.796968865860002,946.5
2022-10-21 17:00:04.903914,22.01451329232,960.0
2022-10-21 17:30:04.942654,22.39026837921,943.5
2022-10-21 18:00:04.881471,22.98356789256,954.5
2022-10-21 18:30:04.971143,23.847138546660002,947.5
2022-10-21 19:00:04.915761,24.928268886,957.0
2022-10-21 19:30:04.993522,26.1148679127,967.0
2022-10-21 20:00:04.900829,26.490622999590002,951.5
2022-10-21 20:30:04.984556,26.43788102652,959.0
2022-10-21 21:00:04.935259,26.00939922534,937.5
2022-10-21 21:30:05.007648,25.35676594596,947.5
2022-10-21 22:00:04.958258,25.35676594596,946.0
2022-10-21 22:30:05.008071,25.25128199982,964.0
2022-10-21 23:00:04.966265,25.03373757336,1003.0
2022-10-21 23:30:05.066322,24.81620840568,964.0
2022-10-22 00:00:07.553374,24.71072445954,971.0
2022-10-22 00:30:04.755275,24.60525577218,965.5
2022-10-22 01:00:04.697393,24.60525577218,965.5
2022-10-22 01:30:04.769402,24.60525577218,960.0
2022-10-22 02:00:04.700875,24.87223864584,964.0
2022-10-22 02:30:04.745577,24.928268886,964.5
2022-10-22 03:00:04.831054,24.81620840568,982.5
2022-10-22 03:30:04.889893,24.928268886,947.5
2022-10-22 04:00:04.839217,24.928268886,947.0
2022-10-22 04:30:04.906851,24.928268886,956.5
2022-10-22 05:00:04.849730,24.98100322968,897.0
2022-10-22 05:30:04.959267,24.928268886,958.5
2022-10-22 06:00:04.915625,24.87223864584,938.0
2022-10-22 06:30:04.435441,24.928268886,942.0
2022-10-22 07:00:04.400610,24.49977182604,968.0
2022-10-22 07:30:04.761456,24.17016691926,948.0
2022-10-22 08:00:04.671526,24.06468297312,954.5
2022-10-22 08:30:08.904441,23.7416698593,845.5
2022-10-22 09:00:08.922600,23.524125432840002,965.0
2022-10-22 09:30:04.633860,23.41865674548,961.0
2022-10-22 10:00:04.369171,23.20111231902,951.0
2022-10-22 10:30:04.698859,23.089036579920002,949.5
2022-10-22 11:00:04.409683,22.33752640614,959.0
2022-10-22 11:30:04.500654,21.796968865860002,964.5
2022-10-22 12:00:04.799812,21.69148491972,992.5
2022-10-22 12:30:04.872835,21.69148491972,955.0
2022-10-22 13:00:04.442361,21.5794244394,929.0
2022-10-22 13:30:05.144501,21.473940493260002,947.5
2022-10-22 14:00:04.334715,21.3684718059,845.0
2022-10-22 14:30:04.164547,21.5794244394,942.0
2022-10-22 15:00:04.926515,22.12657377264,938.0
2022-10-22 15:30:04.839806,22.070543532480002,932.5
2022-10-22 16:00:04.966688,22.44301035228,947.5
2022-10-22 16:30:04.210735,22.82534960274,943.5
2022-10-22 17:00:04.916853,22.77261525906,927.5
2022-10-22 17:30:04.621112,23.089036579920002,998.0
2022-10-22 18:00:04.436430,23.7416698593,943.5
2022-10-22 18:30:04.318985,24.38771134572,754.5
2022-10-22 19:00:04.926520,24.71072445954,928.0
2022-10-22 19:30:05.111715,25.89732348624,934.5
2022-10-22 20:00:04.108608,27.083922512940003,903.0
2022-10-22 20:30:04.436513,26.760909399120003,931.0
2022-10-22 21:00:04.768203,26.22033660006,923.0
2022-10-22 21:30:05.259148,26.16760225638,895.0
2022-10-22 22:00:04.437352,25.95336135579,929.5
2022-10-22 22:30:04.310694,25.627044716100002,918.5
2022-10-22 23:00:04.225961,25.25128199982,933.0
2022-10-22 23:30:04.857742,25.19854765614,928.5
2022-10-23 00:00:09.016987,25.03373757336,920.5
2022-10-23 00:30:05.244224,25.03373757336,921.0
2022-10-23 01:00:04.402323,25.08977544291,937.5
2022-10-23 01:30:04.716271,25.14581331246,930.0
2022-10-23 02:00:18.290562,24.81620840568,983.0
2022-10-23 02:30:05.023135,25.03373757336,927.0
2022-10-23 03:00:04.425945,24.98002666776,942.0
2022-10-23 03:30:04.536116,24.928268886,916.5
2022-10-23 04:00:04.674653,24.928268886,913.5
2022-10-23 04:30:04.873326,24.87223864584,915.0
2022-10-23 05:00:04.146427,24.928268886,930.0
2022-10-23 05:30:04.424464,24.71072445954,932.0
2022-10-23 06:00:03.957117,24.71072445954,924.5
2022-10-23 06:30:04.465320,24.38771134572,940.0
2022-10-23 07:00:04.670545,24.06468297312,936.5
2022-10-23 07:30:05.115026,23.9526224928,935.5
2022-10-23 08:00:04.118032,23.7416698593,934.5
2022-10-23 08:30:04.913036,23.63620117194,775.5
2022-10-23 09:00:04.487410,23.524125432840002,924.0
2022-10-23 09:30:04.523027,23.36261887593,937.5
2022-10-23 10:00:04.814733,23.30658100638,933.5
2022-10-23 10:30:04.665692,23.089036579920002,933.0
2022-10-23 11:00:04.596145,23.20111231902,936.0
2022-10-23 11:30:05.173563,23.03630223624,924.0
2022-10-23 12:00:05.213306,22.878083946420002,927.5
2022-10-23 12:30:04.784708,22.77261525906,914.0
2022-10-23 13:00:04.676851,22.66053951996,924.0
2022-10-23 13:30:04.284572,22.555070832600002,931.5
2022-10-23 14:00:04.565267,22.555070832600002,935.5
2022-10-23 14:30:04.800512,22.878083946420002,936.0
2022-10-23 15:00:18.234018,22.98356789256,905.5
2022-10-23 15:30:04.335047,22.98356789256,904.5
2022-10-23 16:00:04.391422,23.30658100638,877.5
2022-10-23 16:30:04.899205,23.63620117194,1005.0
2022-10-23 17:00:04.259211,23.524125432840002,542.0
2022-10-23 17:30:04.324243,23.9526224928,923.5
2022-10-23 18:00:17.600343,24.60525577218,970.5
2022-10-23 18:30:04.152287,25.03373757336,913.5
2022-10-23 19:00:05.008288,25.627044716100002,901.5
2022-10-23 19:30:05.029793,26.54336497266,899.0
2022-10-23 20:00:18.165729,26.65542545298,898.0
2022-10-23 20:30:18.030080,26.54336497266,900.5
2022-10-23 21:00:04.933193,26.43788102652,911.0
2022-10-23 21:30:04.967587,26.65542545298,904.5
2022-10-23 22:00:04.518384,26.06213356902,898.5
2022-10-23 22:30:04.743635,25.89732348624,908.0
2022-10-23 23:00:04.557302,25.89732348624,890.5
2022-10-23 23:30:04.373675,25.67977905978,913.0
2022-10-24 00:00:15.982410,25.57431037242,947.0
2022-10-24 00:30:04.955391,25.57431037242,907.0
2022-10-24 01:00:04.305131,25.67977905978,877.5
2022-10-24 01:30:04.483890,25.521568399350002,876.5
2022-10-24 02:00:04.491525,25.521568399350002,907.0
2022-10-24 02:30:04.599477,25.57431037242,894.5
2022-10-24 03:00:04.146143,25.67977905978,889.0
2022-10-24 03:30:04.898245,25.627044716100002,893.0
2022-10-24 04:00:04.444138,25.67977905978,894.0
2022-10-24 04:30:04.131978,25.57431037242,888.5
2022-10-24 05:00:04.810182,25.25128199982,888.5
2022-10-24 05:30:04.472975,24.60525577218,868.5
2022-10-24 06:00:04.005147,24.28222739958,893.0
2022-10-24 06:30:05.121062,23.847138546660002,871.0
2022-10-24 07:00:04.546035,23.41865674548,885.5
2022-10-24 07:30:15.483632,22.878083946420002,899.0
2022-10-24 08:00:18.798175,22.878083946420002,900.0
2022-10-24 08:30:04.849422,22.98356789256,892.5
2022-10-24 09:00:04.925958,23.089036579920002,860.5
2022-10-24 09:30:04.507738,23.089036579920002,885.0
2022-10-24 10:00:04.668097,22.98356789256,884.5
2022-10-24 10:30:04.177592,23.145074449470002,900.0
2022-10-24 11:00:04.114630,22.98356789256,906.0
2022-10-24 11:30:04.388758,22.878083946420002,903.0
2022-10-24 12:00:04.818347,22.98356789256,890.5
2022-10-24 12:30:04.481027,22.98356789256,891.5
2022-10-24 13:00:04.902513,22.77261525906,885.0
2022-10-24 13:30:04.010359,22.878083946420002,890.0
2022-10-24 14:00:04.926227,22.878083946420002,881.0
2022-10-24 14:30:04.960511,22.98356789256,878.5
2022-10-24 15:00:04.540189,23.20111231902,882.5
2022-10-24 15:30:04.185247,23.524125432840002,878.0
2022-10-24 16:00:04.728900,23.41865674548,862.0
2022-10-24 16:30:04.434190,23.30658100638,872.0
2022-10-24 17:00:03.980384,23.63620117194,862.5
2022-10-24 17:30:04.637321,24.00865273296,872.0
2022-10-24 18:00:04.170650,24.00865273296,856.5
2022-10-24 18:30:04.837584,23.847138546660002,861.5
2022-10-24 19:00:04.407188,23.847138546660002,839.5
2022-10-24 19:30:04.136311,21.5794244394,985.5
2022-10-24 20:00:04.673971,21.909029346180002,969.0
2022-10-24 20:30:04.354262,22.33752640614,962.0
2022-10-24 21:00:04.906215,22.555070832600002,977.0
2022-10-24 21:30:04.585694,23.089036579920002,977.5
2022-10-24 22:00:04.102692,23.089036579920002,980.0
2022-10-24 22:30:04.786368,23.20111231902,989.0
2022-10-24 23:00:04.352311,23.20111231902,992.5
2022-10-24 23:30:04.024713,23.30658100638,995.0
2022-10-25 00:00:04.592255,23.2538466627,992.5
2022-10-25 00:30:04.289500,23.089036579920002,987.5
2022-10-25 01:00:04.835021,23.145074449470002,984.0
2022-10-25 01:30:04.506794,23.30658100638,987.0
2022-10-25 02:00:04.044876,22.98356789256,978.5
2022-10-25 02:30:04.760208,23.20111231902,976.5
2022-10-25 03:00:04.330494,23.30658100638,990.0
2022-10-25 03:30:04.026002,23.089036579920002,994.0
2022-10-25 04:00:04.587037,23.089036579920002,691.0
2022-10-25 04:30:04.239030,23.30658100638,986.0
2022-10-25 05:02:05.439655,23.41865674548,990.0
2022-10-25 05:03:37.799922,23.30658100638,978.5
2022-10-25 05:30:04.783659,23.20111231902,982.0
2022-10-25 06:00:04.345269,23.2538466627,985.0
2022-10-25 06:30:04.848588,22.499040592440004,1002.0
2022-10-25 07:00:04.417906,22.01451329232,998.0
2022-10-25 07:30:04.102384,21.909029346180002,995.5
2022-10-25 08:00:04.771704,21.96177131925,1002.0
2022-10-25 08:30:04.470993,21.909029346180002,992.0
2022-10-25 09:00:03.993974,22.01451329232,991.0
2022-10-25 09:30:04.674103,21.909029346180002,994.0
2022-10-25 10:00:04.219309,21.909029346180002,1002.5
2022-10-25 10:30:04.892676,22.01451329232,991.0
2022-10-25 11:00:04.457894,21.96177131925,1000.5
2022-10-25 11:30:04.107027,21.909029346180002,993.5
2022-10-25 12:00:04.648560,21.96177131925,1002.5
2022-10-25 12:30:04.312455,21.796968865860002,996.5
2022-10-25 13:00:04.865288,21.796968865860002,1001.5
2022-10-25 13:30:04.533296,21.796968865860002,999.5
2022-10-25 14:00:04.106464,21.796968865860002,990.0
2022-10-25 14:30:04.793250,21.796968865860002,980.5
2022-10-25 15:00:04.383511,22.33752640614,974.5
2022-10-25 15:30:04.041187,22.33752640614,984.0
2022-10-25 16:00:04.613282,22.555070832600002,971.5
2022-10-25 16:30:04.292458,22.66053951996,977.0
2022-10-25 17:00:04.850294,22.878083946420002,979.5
2022-10-25 17:30:04.515241,23.089036579920002,987.0
2022-10-25 18:00:04.038257,23.089036579920002,987.5
2022-10-25 18:30:04.832021,23.03630223624,988.5
2022-10-25 19:00:04.367294,23.36261887593,986.5
2022-10-25 19:30:04.009411,23.20111231902,827.0
2022-10-25 20:00:04.591891,23.089036579920002,982.0
2022-10-25 20:30:04.274840,23.41865674548,989.5
2022-10-25 21:00:04.836794,23.30658100638,977.0
2022-10-25 21:30:04.627068,23.30658100638,971.0
2022-10-25 22:00:04.302627,23.30658100638,986.5
2022-10-25 22:30:03.987659,23.089036579920002,985.0
2022-10-25 23:00:04.539757,23.20111231902,978.0
2022-10-25 23:30:04.207058,23.30658100638,981.0
2022-10-26 00:00:04.750366,22.878083946420002,980.5
2022-10-26 00:30:04.532206,23.089036579920002,980.5
2022-10-26 01:00:04.077273,23.03630223624,965.5
2022-10-26 01:30:04.399162,22.39026837921,972.5
2022-10-26 02:00:03.989763,22.878083946420002,960.0
2022-10-26 02:30:18.304748,22.66053951996,963.5
2022-10-26 03:00:04.024710,22.33752640614,969.0
2022-10-26 03:30:04.277869,22.77261525906,971.5
2022-10-26 04:00:04.958430,22.44301035228,969.0
2022-10-26 04:30:04.650860,22.12657377264,967.5
2022-10-26 05:00:04.230566,22.44301035228,961.5
2022-10-26 05:30:04.907078,22.28479206246,984.0
2022-10-26 06:00:04.423649,21.69148491972,962.0
2022-10-26 06:30:04.025819,22.01451329232,973.5
2022-10-26 07:00:04.570492,21.263003118540002,967.5
2022-10-26 07:30:04.223426,21.04545869208,979.5
2022-10-26 08:00:04.028376,21.42120614958,975.0
2022-10-26 08:30:04.694186,20.61036983916,978.5
2022-10-26 09:00:04.198526,20.28734146656,976.5
2022-10-26 09:30:04.019304,20.827914265620002,979.0
2022-10-26 10:00:04.437361,20.122546642560003,974.0
2022-10-26 10:30:04.359071,20.17528098624,958.5
2022-10-26 11:00:04.908272,20.17528098624,961.5
2022-10-26 11:30:04.874572,19.96432835274,988.5
2022-10-26 12:00:04.427594,19.96432835274,971.5
2022-10-26 12:30:04.169607,20.122546642560003,974.0
2022-10-26 13:00:04.364918,19.911594009060003,964.0
2022-10-26 13:30:04.615047,19.74678392628,963.5
2022-10-26 14:00:04.177023,20.069812298880002,1010.5
2022-10-26 14:30:04.850421,19.858859665380002,950.0
2022-10-26 15:00:04.963940,20.28734146656,949.0
2022-10-26 15:30:04.618784,20.069812298880002,948.0
2022-10-26 16:00:04.165983,20.28734146656,961.5
2022-10-26 16:30:04.853594,20.93338295298,958.0
2022-10-26 17:00:04.470093,20.880648609300003,943.5
2022-10-26 17:30:04.160119,21.263003118540002,946.0
2022-10-26 18:00:04.747492,21.744226892790003,936.5
2022-10-26 18:30:04.420809,22.232057718780002,940.5
2022-10-26 19:00:05.222721,22.98356789256,946.5
2022-10-26 19:30:04.945883,23.79440420298,939.5
2022-10-26 20:00:04.487005,24.443741585879998,954.0
2022-10-26 20:30:04.108157,24.49977182604,955.5
2022-10-26 21:00:04.642873,24.17016691926,942.0
2022-10-26 21:30:04.374125,23.79440420298,949.5
2022-10-26 22:00:04.994198,23.63620117194,953.0
2022-10-26 22:30:04.658514,23.20111231902,949.0
2022-10-26 23:00:04.209616,23.20111231902,930.5
2022-10-26 23:30:04.951754,22.82534960274,940.0
2022-10-27 00:30:04.344457,22.28479206246,953.5
2022-10-27 01:00:04.927616,21.909029346180002,948.5
2022-10-27 01:30:04.583326,22.070543532480002,936.5
2022-10-27 02:00:04.147898,21.69148491972,938.5
2022-10-27 02:30:04.829604,21.69148491972,931.0
2022-10-27 03:00:04.343849,22.12657377264,940.0
2022-10-27 03:30:04.096759,22.12657377264,949.5
2022-10-27 04:00:04.627436,21.473940493260002,999.0
2022-10-27 04:30:04.274275,21.796968865860002,936.5
2022-10-27 05:00:04.910599,21.796968865860002,949.0
2022-10-27 05:30:04.621594,21.04545869208,920.5
2022-10-27 06:00:04.188659,21.473940493260002,937.0
2022-10-27 06:30:04.048577,21.263003118540002,951.0
2022-10-27 07:00:04.599972,20.55762786609,953.0
2022-10-27 08:00:04.174672,21.04545869208,952.5
2022-10-27 08:30:04.830668,20.231311226400003,950.5
2022-10-27 09:00:04.338352,20.72243031948,946.5
2022-10-27 09:30:04.107689,20.50488589302,942.5
2022-10-27 10:00:04.753106,19.74678392628,938.5
2022-10-27 10:30:04.395961,20.28734146656,941.5
2022-10-27 11:00:04.202471,19.858859665380002,929.5
2022-10-27 11:30:04.950211,19.64131523892,937.5
2022-10-27 12:00:04.481030,19.911594009060003,936.5
2022-10-27 12:30:04.335545,19.31828686632,984.0
2022-10-27 13:00:04.923826,19.74678392628,948.0
2022-10-27 13:30:04.617659,19.64131523892,924.5
2022-10-27 14:00:04.143103,19.37102883939,886.0
2022-10-27 14:30:04.852952,20.28734146656,937.5
2022-10-27 15:00:04.373721,20.017070325810003,929.5
2022-10-27 15:30:04.118312,20.72243031948,921.5
2022-10-27 16:00:04.577026,20.72243031948,931.5
2022-10-27 16:30:04.284312,20.98942082253,993.5
2022-10-27 17:00:04.843662,21.5794244394,935.5
2022-10-27 17:30:04.520150,21.5794244394,923.5
2022-10-27 18:30:05.048661,22.44301035228,932.5
2022-10-27 19:00:04.755777,22.98356789256,944.5
2022-10-27 19:30:04.408678,23.79440420298,910.5
2022-10-27 20:00:04.942418,24.28222739958,926.5
2022-10-27 20:30:04.660837,23.7416698593,934.5
2022-10-27 21:00:04.336241,24.11742494619,928.5
2022-10-27 21:30:03.977857,23.63620117194,911.0
2022-10-27 22:00:04.637857,23.63620117194,926.5
2022-10-27 22:30:04.307408,23.20111231902,919.0
2022-10-27 23:00:04.820044,22.82534960274,927.0
2022-10-27 23:30:04.506596,22.71657738951,934.0
2022-10-28 00:00:04.007717,22.44301035228,936.5
2022-10-28 00:30:04.898636,22.232057718780002,918.5
2022-10-28 01:00:04.544231,22.12657377264,910.0
2022-10-28 01:30:04.221551,22.070543532480002,935.5
2022-10-28 02:00:04.784686,22.070543532480002,899.0
2022-10-28 02:30:04.468457,21.909029346180002,922.5
2022-10-28 03:00:04.019877,22.232057718780002,907.0
2022-10-28 03:30:04.689363,22.01451329232,917.0
2022-10-28 04:00:04.363928,21.796968865860002,936.0
2022-10-28 04:30:04.069647,22.17931574571,921.0
2022-10-28 05:00:04.636676,22.12657377264,992.0
2022-10-28 05:30:04.336445,21.69148491972,1000.0
2022-10-28 06:00:04.941729,22.01451329232,1017.0
2022-10-28 06:30:04.819838,21.909029346180002,1017.0
2022-10-28 07:00:04.492426,21.206965248990002,1017.0
2022-10-28 07:30:04.144742,20.50488589302,998.5
2022-10-28 08:00:04.712980,20.61036983916,989.5
2022-10-28 08:30:04.400541,20.231311226400003,971.5
2022-10-28 09:00:03.982861,19.911594009060003,991.0
2022-10-28 09:30:04.694112,19.80282179583,999.0
2022-10-28 10:00:04.364208,19.858859665380002,1004.0
2022-10-28 10:30:04.032518,19.858859665380002,995.0
2022-10-28 11:00:04.610651,19.52923949982,999.5
2022-10-28 11:30:04.285445,19.42377081246,999.0
2022-10-28 12:00:04.819853,19.52923949982,998.0
2022-10-28 12:30:04.489787,19.42377081246,998.0
2022-10-28 13:00:04.020073,19.52923949982,997.0
2022-10-28 13:30:04.712507,19.21281817896,999.5
2022-10-28 14:00:04.264854,19.04800809618,986.5
2022-10-28 14:30:04.944655,19.42377081246,988.5
2022-10-28 15:00:04.493821,19.42377081246,987.0
2022-10-28 15:30:04.154249,19.37102883939,985.0
2022-10-28 16:00:04.678115,20.069812298880002,993.0
2022-10-28 16:30:04.323412,19.858859665380002,983.5
2022-10-28 17:00:04.851408,20.392825412700002,991.5
2022-10-28 17:30:04.532583,20.72243031948,979.5
2022-10-28 18:00:04.065121,21.473940493260002,990.0
2022-10-28 18:30:04.753795,22.01451329232,985.0
2022-10-28 19:00:04.278861,22.77261525906,991.5
2022-10-28 19:30:04.101612,23.47139108916,1013.0
2022-10-28 20:00:04.629535,24.06468297312,978.5
2022-10-28 20:30:04.279708,24.17016691926,992.0
2022-10-28 21:00:04.944295,23.688935515620003,978.0
2022-10-28 21:30:04.611422,23.63620117194,982.0
2022-10-28 22:00:04.172369,23.524125432840002,990.5
2022-10-28 22:30:04.879163,23.30658100638,977.5
2022-10-28 23:00:04.419829,22.82534960274,989.0
2022-10-28 23:30:04.051861,22.44301035228,960.0
2022-10-29 00:00:04.563746,22.33752640614,955.0
2022-10-29 00:30:04.245228,22.12657377264,877.0
2022-10-29 01:00:04.815281,21.909029346180002,947.0
2022-10-29 01:30:04.474217,21.5794244394,993.5
2022-10-29 02:00:03.996900,21.744226892790003,975.0
2022-10-29 02:30:04.677511,21.09819303576,988.5
2022-10-29 03:00:04.221850,21.42120614958,982.0
2022-10-29 03:30:04.897454,20.93338295298,988.0
2022-10-29 04:00:04.421181,20.93338295298,988.5
2022-10-29 04:30:04.215213,21.04545869208,968.5
2022-10-29 05:00:04.788676,20.55762786609,978.0
2022-10-29 05:30:04.489645,20.61036983916,991.5
2022-10-29 06:00:04.015614,20.61036983916,998.5
2022-10-29 06:30:05.489292,20.28734146656,999.5
2022-10-29 07:00:04.204872,20.34008343963,762.0
2022-10-29 07:30:04.854603,19.858859665380002,997.0
2022-10-29 08:00:04.863877,20.069812298880002,991.0
2022-10-29 08:30:04.912728,19.74678392628,1001.5
2022-10-29 09:00:04.891665,19.80282179583,998.0
2022-10-29 09:30:04.564310,19.64131523892,998.0
2022-10-29 10:00:04.150838,19.42377081246,990.0
2022-10-29 10:30:04.739869,19.64131523892,990.0
2022-10-29 11:00:04.854013,19.26555252264,991.5
2022-10-29 11:30:04.345780,19.42377081246,985.5
2022-10-29 12:00:04.520019,19.26555252264,972.0
2022-10-29 12:30:04.182324,19.31828686632,996.0
2022-10-29 13:00:04.548867,19.31828686632,980.5
2022-10-29 13:30:04.047512,19.21281817896,852.0
2022-10-29 14:00:04.108853,19.10074243986,982.5
2022-10-29 14:30:04.094084,19.31829449571,977.0
2022-10-29 15:00:03.985074,19.21281817896,972.0
2022-10-29 15:30:04.664740,19.52923949982,974.5
2022-10-29 16:00:04.214156,19.96432835274,974.5
2022-10-29 16:30:04.900799,20.34008343963,973.5
2022-10-29 17:00:04.440839,20.72243031948,972.5
2022-10-29 17:30:04.230637,20.827914265620002,978.5
2022-10-29 18:00:04.803742,21.3684718059,972.0
2022-10-29 18:30:04.452593,22.01451329232,966.5
2022-10-29 19:00:03.995962,22.77261525906,960.5
2022-10-29 19:30:04.654882,23.524125432840002,969.5
2022-10-29 20:00:04.186552,24.06468297312,967.5
2022-10-29 20:30:04.896439,24.28222739958,966.0
2022-10-29 21:00:04.437236,24.06468297312,960.0
2022-10-29 21:30:04.161671,23.7416698593,961.5
2022-10-29 22:00:04.818952,23.58016330239,967.0
2022-10-29 22:30:04.460381,23.30658100638,925.0
2022-10-29 23:00:04.549021,22.878083946420002,996.5
2022-10-29 23:30:04.312050,22.555070832600002,969.0
2022-10-30 00:00:04.547899,22.555070832600002,870.5
2022-10-30 00:30:04.354870,22.44301035228,972.5
2022-10-30 01:00:04.796551,22.232057718780002,951.5
2022-10-30 01:30:04.479732,22.232057718780002,844.5
2022-10-30 01:00:04.013741,21.909029346180002,771.5
2022-10-30 01:30:04.701650,21.909029346180002,956.0
2022-10-30 02:00:04.295549,21.909029346180002,953.0
2022-10-30 02:30:04.032681,21.42120614958,955.0
2022-10-30 03:00:04.306930,21.3684718059,946.0
2022-10-30 03:30:04.397720,21.52668246633,965.5
2022-10-30 04:00:04.134792,21.3684718059,942.0
2022-10-30 04:30:04.663459,21.04545869208,949.5
2022-10-30 05:00:04.218210,21.5794244394,944.0
2022-10-30 05:30:04.282740,21.150927379440002,965.5
2022-10-30 06:00:04.850672,20.72243031948,946.0
2022-10-30 06:30:04.692440,21.04545869208,963.0
2022-10-30 07:00:04.746849,20.61036983916,953.5
2022-10-30 07:30:04.269513,20.50488589302,953.0
2022-10-30 08:00:04.863073,20.93338295298,955.5
2022-10-30 08:30:04.527553,20.50488589302,951.5
2022-10-30 09:00:04.620637,20.72243031948,954.0
2022-10-30 09:30:04.198855,20.66640007932,937.5
2022-10-30 10:00:04.414621,20.17528098624,950.5
2022-10-30 10:30:04.562069,20.392825412700002,954.0
2022-10-30 11:00:04.659290,20.34008343963,954.5
2022-10-30 11:30:04.378760,20.392825412700002,959.5
2022-10-30 12:00:05.572687,20.122546642560003,921.0
2022-10-30 12:30:04.154338,20.44885565286,922.0
2022-10-30 13:00:04.260877,20.069812298880002,946.5
2022-10-30 13:30:04.322076,20.50488589302,922.5
2022-10-30 14:00:04.119837,20.61036983916,946.0
2022-10-30 14:30:04.837839,20.93338295298,936.5
2022-10-30 15:00:04.375086,21.52668246633,964.0
2022-10-30 15:30:04.034362,21.473940493260002,942.5
2022-10-30 16:00:04.670703,21.31573746222,953.0
2022-10-30 16:30:04.312236,21.909029346180002,950.0
2022-10-30 17:00:04.844729,21.69148491972,937.5
2022-10-30 17:30:04.526394,21.909029346180002,799.5
2022-10-30 18:00:04.044396,21.744226892790003,946.0
2022-10-30 18:30:04.735050,22.232057718780002,951.0
2022-10-30 19:00:04.295407,22.28479206246,931.5
2022-10-30 19:30:04.112797,22.33752640614,956.0
2022-10-30 20:00:04.719682,22.17931574571,940.5
2022-10-30 20:30:04.500847,22.01451329232,939.0
2022-10-30 21:00:04.039446,22.01451329232,972.5
2022-10-30 21:30:04.717650,21.96177131925,975.0
2022-10-30 22:00:04.302015,21.744226892790003,988.0
2022-10-30 22:30:03.998110,22.12657377264,979.0
2022-10-30 23:00:04.528053,22.555070832600002,992.5
2022-10-30 23:30:04.171549,22.33752640614,1004.0
2022-10-31 00:00:04.732256,22.33752640614,992.5
2022-10-31 00:30:04.516708,22.232057718780002,998.0
2022-10-31 01:00:04.050667,22.12657377264,1009.0
2022-10-31 01:30:04.727482,22.12657377264,984.5
2022-10-31 02:00:04.310840,22.12657377264,997.5
2022-10-31 02:30:04.023476,22.12657377264,965.5
2022-10-31 03:00:04.577690,22.070543532480002,978.0
2022-10-31 03:30:04.235575,22.12657377264,996.0
2022-10-31 04:00:04.889356,21.909029346180002,826.5
2022-10-31 04:30:04.579972,22.01451329232,970.0
2022-10-31 05:00:04.161867,21.96177131925,979.0
2022-10-31 05:30:04.872598,21.796968865860002,990.5
2022-10-31 06:00:04.429797,21.63545467956,997.0
2022-10-31 06:30:04.216584,21.63545467956,950.5
2022-10-31 07:00:04.776297,21.42120614958,979.0
2022-10-31 07:30:04.421216,21.473940493260002,1008.5
2022-10-31 08:00:03.985297,21.42120614958,774.5
2022-10-31 08:30:04.709056,21.263003118540002,1008.0
2022-10-31 09:00:04.248064,21.473940493260002,1005.5
2022-10-31 09:30:04.958027,21.263003118540002,977.5
2022-10-31 10:00:04.510220,21.04545869208,1010.5
2022-10-31 10:30:04.200548,21.04545869208,1009.0
2022-10-31 11:00:04.730078,20.880648609300003,984.0
2022-10-31 11:30:04.407809,21.04545869208,984.0
2022-10-31 12:00:03.968181,20.72243031948,992.5
2022-10-31 12:30:04.669543,20.72243031948,1005.0
2022-10-31 13:00:04.195035,20.827914265620002,1011.5
2022-10-31 13:30:04.884412,20.93338295298,982.5
2022-10-31 14:00:04.410081,21.263003118540002,968.5
2022-10-31 14:30:04.189017,21.42120614958,976.5
2022-10-31 15:00:04.785880,21.3684718059,998.5
2022-10-31 15:30:04.471383,21.473940493260002,1000.0
2022-10-31 16:00:04.108146,21.5794244394,1002.0
2022-10-31 16:30:04.770137,21.263003118540002,995.5
2022-10-31 17:00:04.464849,21.473940493260002,957.0
2022-10-31 17:30:04.270007,21.473940493260002,999.0
2022-10-31 18:00:04.818801,21.42120614958,978.0
2022-10-31 18:30:04.644702,21.5794244394,1004.5
2022-10-31 19:00:04.301562,21.5794244394,970.0
2022-10-31 19:30:04.149690,21.473940493260002,965.5
2022-10-31 20:00:04.791485,21.5794244394,993.0
2022-10-31 20:30:04.619618,21.63545467956,960.5
2022-10-31 21:00:04.306770,21.69148491972,999.0
2022-10-31 21:30:04.134051,21.5794244394,975.5
2022-10-31 22:00:04.796192,21.5794244394,841.0
2022-10-31 22:30:04.638939,21.96177131925,984.5
2022-10-31 23:00:04.291011,21.5794244394,984.5
2022-10-31 23:30:04.141552,21.473940493260002,973.0
2022-11-01 00:00:04.860261,21.63545467956,997.0
2022-11-01 00:30:04.658413,21.263003118540002,1004.0
2022-11-01 01:00:04.341818,21.263003118540002,696.5
2022-11-01 01:30:04.126011,21.3684718059,948.0
2022-11-01 02:00:04.802456,21.473940493260002,990.5
2022-11-01 02:30:04.648370,20.93338295298,1003.5
2022-11-01 03:00:04.345015,21.150927379440002,974.5
2022-11-01 03:30:04.139664,21.04545869208,996.5
2022-11-01 04:00:04.805297,20.61036983916,911.5
2022-11-01 04:30:04.632057,20.775172292550003,998.0
2022-11-01 05:00:04.289012,20.880648609300003,959.5
2022-11-01 05:30:04.138066,20.34008343963,995.5
2022-11-01 06:00:04.801456,20.17528098624,996.0
2022-11-01 06:30:04.434062,20.28734146656,788.0
2022-11-01 07:00:04.231956,20.17528098624,968.5
2022-11-01 07:30:05.049714,20.17528098624,961.0
2022-11-01 08:00:04.720434,20.28734146656,1005.0
2022-11-01 08:30:04.513454,19.96432835274,975.0
2022-11-01 09:00:04.053704,19.858859665380002,974.5
2022-11-01 09:30:04.871894,19.858859665380002,951.5
2022-11-01 10:00:04.543667,19.858859665380002,994.5
2022-11-01 10:30:04.184897,19.52923949982,1007.5
2022-11-01 11:00:04.848754,19.64131523892,978.5
2022-11-01 11:30:04.636946,19.42377081246,1012.5
2022-11-01 12:00:04.206307,19.42377081246,1007.0
2022-11-01 12:30:05.019240,19.21281817896,985.5
2022-11-01 13:00:04.569700,19.52923949982,999.0
2022-11-01 13:30:04.241055,19.37102883939,1004.5
2022-11-01 14:00:04.793930,19.80282179583,974.0
2022-11-01 14:30:04.459700,20.50488589302,989.0
2022-11-01 15:00:04.000342,20.61036983916,997.5
2022-11-01 15:30:04.824335,20.61036983916,983.5
2022-11-01 16:00:04.379532,21.04545869208,948.0
2022-11-01 16:30:04.008732,21.206965248990002,988.0
2022-11-01 17:00:04.581438,21.69148491972,429.5
2022-11-01 17:30:04.247686,22.499040592440004,975.5
2022-11-01 18:00:04.900072,22.66053951996,856.0
2022-11-01 18:30:04.559581,23.63620117194,995.5
2022-11-01 19:00:04.215211,24.00865273296,973.5
2022-11-01 19:30:04.919857,24.226197159420003,1005.5
2022-11-01 20:00:04.460758,24.28222739958,975.0
2022-11-01 20:30:04.151519,24.11742494619,991.5
2022-11-01 21:00:04.715223,24.06468297312,983.5
2022-11-01 21:30:04.526591,23.79440420298,990.0
2022-11-01 22:00:04.076118,23.41865674548,989.0
2022-11-01 22:30:04.800449,23.145074449470002,972.0
2022-11-01 23:00:04.342411,23.20111231902,985.0
2022-11-01 23:30:04.011424,23.089036579920002,966.0
2022-11-02 00:00:04.575315,22.878083946420002,994.0
2022-11-02 00:30:04.252625,22.66053951996,972.0
2022-11-02 01:00:04.773011,22.499040592440004,979.0
2022-11-02 01:30:04.455742,22.232057718780002,983.0
2022-11-02 02:00:03.991355,22.01451329232,993.0
2022-11-02 02:30:04.639535,21.96177131925,538.0
2022-11-02 03:00:04.191423,21.5794244394,974.5
2022-11-02 03:30:04.883636,21.96177131925,973.0
2022-11-02 04:00:04.441880,21.85299910602,992.0
2022-11-02 04:30:04.129632,21.63545467956,966.0
2022-11-02 05:00:04.679357,21.5794244394,984.0
2022-11-02 05:30:04.400267,21.150927379440002,988.5
2022-11-02 06:00:04.009581,21.04545869208,997.5
2022-11-02 06:30:04.594161,21.04545869208,986.0
2022-11-02 07:00:04.177218,20.72243031948,977.5
2022-11-02 07:30:04.909684,20.61036983916,1000.5
2022-11-02 08:00:04.434280,20.392825412700002,982.0
2022-11-02 08:30:04.127528,20.28734146656,973.5
2022-11-02 09:00:04.688920,20.392825412700002,976.5
2022-11-02 09:30:04.383131,20.17528098624,981.0
2022-11-02 10:00:04.936613,20.069812298880002,998.5
2022-11-02 10:30:04.059611,20.17528098624,965.0
2022-11-02 11:00:04.611974,20.069812298880002,992.0
2022-11-02 11:30:04.283715,19.74678392628,989.5
2022-11-02 12:00:04.833626,19.74678392628,975.5
2022-11-02 12:30:04.537717,19.64131523892,978.5
2022-11-02 13:00:04.097200,19.52923949982,977.5
2022-11-02 13:30:04.744793,19.96432835274,983.0
2022-11-02 14:00:04.299541,19.858859665380002,981.5
2022-11-02 14:30:03.994679,20.61036983916,959.0
2022-11-02 15:00:04.563276,20.66640007932,969.5
2022-11-02 15:30:04.204099,20.72243031948,984.5
2022-11-02 16:00:04.739245,21.263003118540002,983.0
2022-11-02 16:30:04.394087,21.263003118540002,982.0
2022-11-02 17:00:04.949880,21.69148491972,982.0
2022-11-02 17:30:04.610346,22.555070832600002,970.0
2022-11-02 18:00:04.144163,23.20111231902,961.0
2022-11-02 18:30:04.854288,24.17016691926,978.5
2022-11-02 19:00:04.423228,24.60525577218,974.0
2022-11-02 19:30:04.144173,24.657990115860002,955.5
2022-11-02 20:00:04.705719,24.49977182604,972.5
2022-11-02 20:30:04.389487,24.552513799110002,978.0
2022-11-02 21:00:04.029994,24.49977182604,971.0
2022-11-02 21:30:04.710772,24.33496937265,956.5
2022-11-02 22:00:04.284804,23.9526224928,973.5
2022-11-02 22:30:04.006840,23.688935515620003,960.5
2022-11-02 23:00:04.562256,23.63620117194,968.5
2022-11-02 23:30:04.227560,23.524125432840002,982.5
2022-11-03 00:00:04.807067,23.41865674548,979.5
2022-11-03 00:30:05.388095,23.47139108916,997.5
2022-11-03 01:00:04.009002,23.63620117194,975.0
2022-11-03 01:30:04.799904,23.63620117194,971.0
2022-11-03 02:00:04.340255,23.524125432840002,966.0
2022-11-03 02:30:03.963031,23.41865674548,979.5
2022-11-03 03:00:04.509152,23.47139108916,957.5
2022-11-03 03:30:04.166594,23.30658100638,961.0
2022-11-03 04:00:04.726345,23.03630223624,958.5
2022-11-03 04:30:04.386825,23.20111231902,974.5
